"","date","Alabama","Alaska","Arizona","Arkansas","California","Connecticut","Delaware","Florida","Georgia","Hawaii","Illinois","Indiana","Iowa","Kansas","Kentucky","Louisiana","Maine","Maryland","Michigan","Minnesota","Missouri","Montana","Nebraska","Nevada","New Hampshire","New Jersey","New York","North Carolina","Ohio","Oklahoma","Oregon","Pennsylvania","South Carolina","South Dakota","Texas","Vermont","Virginia","Washington","West Virginia","Wisconsin","Wyoming"
"1",2024-01-22,0,NA,0.00563628141773655,0.00127567738376263,0.00239087455528411,0.0065934060046843,0.0103668105357491,0.00185426873812844,0,0.00428855644384388,0.000781807900081574,0.000999737990835279,0,0.000510522185614933,NA,NA,0.00856784491421092,0.00893832800150182,0.00422088593495371,0.0153291077926612,0.00134711074002461,0.0066377957734935,0.00379723852000766,0.00258255747024305,0.00605405114026258,0.00291269849688575,0.00436586811255067,0.00110458660005865,0.00286766731542281,0.00223882858481331,0.00247939603242994,0,0.0020371334903612,NA,NA,NA,0,0.00346313110658057,NA,0.00790188389127276,0.00236598215019389
"2",2024-01-29,0,NA,0.00944095371073587,0.000386461818306212,0.00134142035751553,0,0.00177374263744789,0.000382867570776609,5.97485859685776e-05,0.000214199748205204,0,0.000568573602107198,0.00160008226714117,0.00202861899915341,NA,NA,0.000972471715068306,0.00797623559993579,0,0,0.000338869611318293,0.00288858714680232,0.00546465171414679,0.00625350355150863,0.00227987179935193,0.00277469854264319,0.00484753038405879,0.00175129744979224,0.00371558420466369,0.00238996227685224,0.00175819947498296,0.00432461274406733,9.73266489504021e-05,NA,0.00198081297705157,NA,0.00359382076588623,0.00507547843121904,NA,0.00786429433591222,0.00218935769116928
"3",2024-02-05,0.0042253527727862,3.77346638936044e-05,0.00387145035633688,0,0.00154168651673765,0.00691747053303347,0.00255229415469582,0.00154857925674734,0.00523989676461146,0,3.03798769870009e-05,0.000225510681516385,0.00157382441759866,0.00125090642309681,NA,NA,0.00642784421969916,0,0.00518815074286418,0.00326416878198784,0.00243191619167803,0.00269375331829638,0,0.00158430667853002,0.010787005186806,0.00170579132572569,0.0047759158970415,3.96325048723084e-05,0,0.00287630324464433,0.00335338336621445,0.000249780976936197,0.00166186034982285,NA,0.0026992763973279,NA,0.00102673678226403,0.0033841432788154,NA,0.000973566930613984,0.000489294276188726
"4",2024-02-12,0.00147364303715918,0.00430480750034558,0.00419814622394483,0,0.000595643504614593,0.00213233346262719,0.00771246858848883,0.00155132032516472,0.00510388092137259,0,0.00109757314731719,0.000752224829446892,0,0.00312774811518078,NA,NA,0,0.000729577244981378,0.00173979599598113,0.012958471599424,0.00382193947789189,0.00498251265405066,0.00283027476609748,0.002543890645348,0.00299363659173503,0.00204465758591139,0.00412532555107427,0.000653212027706782,0.00212675119247653,0.00323783472002856,0.00231487455115252,0.00187601418116237,0.000784366553886542,NA,0,NA,0.000192784730672579,0.00424364535457923,NA,0.00192902751874926,0.00765140376327533
"5",2024-02-19,0.00680426006682347,0.00138485114545284,0.00328765959045168,0.00556714045305476,0.000348488938935382,0,0.0036989496925466,0.000887611424435993,0.00162038846989802,0.000402165221901864,0.00460598964566804,0.00116207903840567,0.00252591081923601,0.00090947253804678,NA,NA,0.00186931365802269,0,0.0115299247599844,0.000758897762249487,0.00288508684581665,0.00962784097704755,0,0.00241798398361685,0.00109478393384671,0.00140012275495727,0.00127696977708846,0.000205693665613529,0.00224783458649551,0.00172247663729851,0.00577473558186585,0.000871870975703119,0.00107862455800711,NA,0.0049258843249162,NA,0.00142931681758247,0.001213853645659,NA,0.00158180145531128,0.00285560015392084
"6",2024-02-26,2.58459577267903e-05,1.73472347597681e-18,0.00145810496098381,0.00528249528312217,0.00299940692530968,0.000286039686292296,0.00226968406508541,0.00125838497157505,0.002815790943691,9.75929550233318e-05,0.000557577964344788,0.00100990408199146,0.0029178276571077,0.000692013829525601,NA,NA,0.00054633997095626,0.0110473111692248,0.0135945860028458,0.0118680598093306,0.000629379146216108,0.00374237692787292,0.00567987679288408,0.00160078604574758,0,0.000175366880438364,0.000290767007862725,0.00495705945120262,0.00271315216821672,0.00377378635832926,0.00648951378297464,0.00293506434884216,0.000909259780198811,0.0025480004335748,0,NA,0.00262287018124919,0.00273764678730611,NA,0.00804417110550985,0
"7",2024-03-04,0.00333716208105105,0.00951847110367609,0.00136044103224063,0.000950892732521143,0,0.000413969263136402,0.00493633656409374,0.00166777171134679,0.00275818518124216,0.000226986972281223,0.00156742667493522,0.00244792450002234,0.00171428208164026,0.000508805570960703,NA,0.00235796074672366,0.00193925805270173,0,0.00748270067429732,0.0045338186919952,0.00122974456497246,0.00845453907524185,0.0108201922047193,0.000662173629815127,0.00273413408736134,0.000595298716328171,0.0019798030328153,0.010408546557554,0.00294314891604077,0.00424837294382047,0.00127197783479857,0.00113619564741255,0.00567704164397973,0.00305839925867279,0.000173546888277767,NA,0.000596620606752838,0.00425199502770002,NA,3.94733863787883e-06,0.00143205616207786
"8",2024-03-11,0,0.000254120725130795,0.00225818772497064,0.000872237394422416,0.00186805475045472,0.00300756989929789,0.00943549817738534,0.00154043751596046,0.00306516134540428,0.000376497769077073,0.000439653995302918,0.00245658085557478,0,0.00217769637503781,NA,0.00111861308194391,0,0.00990132928390158,0.00155967032195406,0.0040516451553429,0.00801058703961045,0.00964149128632122,0.000682760675527562,0.00131638311351139,0.00189189978918111,0.00427870461571875,0.000985205668603533,0.0113743267760831,0.000181312963521803,0.000451343823370622,0.0037335945794239,0.00216151136432961,0.000719965060020859,0.00767570357225014,0.00340068091558812,NA,0.00400303181249961,0.00148852413159156,NA,0.00153390741534129,0.000752381701874262
"9",2024-03-18,0.00612196015085017,2.41731421217351e-05,0.00332373104068274,0,0.000254045245733008,0.0028914873768721,0.00112810080581048,0.00210028526482655,0.00405596358935605,0.0035676215129466,0.00250561220387778,0.000814447899275899,0.00236648968503625,0.00149480731150352,NA,0.00545629823376458,0.00549756625302815,0,0.00116506614935919,0.00404133959914765,0.00258821163070142,0.00584659149831447,0.00486697925310333,0.00465233355425644,0.00255751706290027,1.73472347597681e-18,0.00039724096338125,0.00275927528431602,0.000747454115565902,0.00543965869697941,0.000785773715206765,0.000621075062529536,0.000725190924627996,0,0.00105086304918674,NA,0.00129335898357923,1.73472347597681e-18,NA,0.000435187623985808,0.00758198395761809
"10",2024-03-25,0,4.33680868994202e-19,0.000760396793445955,0,0.000141204157118466,0.00205890428818272,0,0.00095365506889318,0.0062897673097162,0.00023004771700273,0.00192101519089828,0.000934221496976801,0,0.00229773217876833,NA,0.00595416053324461,0.00494066973622097,0.00962851222503311,0.000753489862249873,0.00277286037477572,0.000581188682446603,0.00218163683336518,0.00240603122468564,0.00198242053894504,0.0039231150526037,0.00498232170775183,0.00185674739603279,0.000100799472255761,0.00094318919218061,0.000721063541913085,0.00194355345133032,0.000609667885345479,0.000571217897293322,0,0.000292087467645925,NA,0.00197634499713383,0.0011658692319643,NA,0,0
"11",2024-04-01,0.000454802220678389,0,0.00063973532927945,0.000123152666479876,0.0016867317182513,0,0.00409576815795577,0.000286383488632167,0.000785364357920725,0.00271801726902342,0.00179073089657702,0.00125621156445732,0.00144116163398777,0.00033687502255938,1.73472347597681e-18,0.000323064851232187,3.46944695195361e-18,0.00600090106892362,0.00231678405409409,0.00157790067042463,0.000412922725315332,0.0032954913134835,0.00122867766657104,0.00420827398635629,0.00748272544856683,0,0.000267442365123823,0.00316763415996195,0.00372337075607983,1.43936281598624e-05,0.00240775050048245,0.000392415866976772,0.00267755789050392,0,0.00288342976461731,NA,0.00151957209965462,0.00115706133055924,NA,0.00333507254557568,0
"12",2024-04-08,0.00484464337463931,0.00246146498610066,0.00440794968374768,0.00256092375387392,0.00106016334516448,0.00227106467406981,0.000518049671115302,0.000205957010471857,0.000813262685082174,0.00202247545457186,0.0013031691896084,4.40064220202973e-05,0.00022481226851965,0.000599176267274029,0.00102023755975641,0.00130993335009759,0.0101078162486628,0.00071270687062161,0.00698921836469263,0.00363557832542279,0.00249585729583903,0.00330430753165287,0.000375338108409842,0.00119479993726486,0,0.00187335153124413,0.00094019327081616,0.00379759083029901,0,0.00313437268774632,0.000496917578052779,0.000507884837122018,0.00103892693159596,0.00523737583597667,0,0,0.001596393676791,0.000994009007450839,NA,0.00666153449570681,0.00590761650484619
"13",2024-04-15,1.73472347597681e-18,0.00255317031107186,0.00453075370098277,0.00100957243494936,0.000946313302874514,0.00299702085801814,0.00352956117138978,0.000150777218771339,0,0,0.00168863116565085,0.000421491911376796,0.000204883175076344,0.00102873927395366,1.73472347597681e-18,0.00200742756569332,0.00477976732081628,0.0154709281890364,0.00707656792365316,0,0.0031419829272406,0.00385289906402519,0.0017371983939046,0.00300349376065131,0.00453626297401875,0.00152056578166546,0.000719122525417662,0.00244069757697996,0.0012940481369609,0.00136008092006234,0.000123801323532199,0.00195108815427905,0.00415727262588415,0.00188757769485646,0,1.73472347597681e-18,0.000251180171631706,0.000631108864772861,NA,0.00330053729528981,0.0023585003266988
"14",2021-03-22,NA,NA,0.00109350914120598,NA,NA,NA,NA,NA,NA,NA,NA,NA,NA,NA,NA,NA,NA,NA,NA,NA,0.00313635201471296,0.0023909614813769,NA,NA,NA,NA,NA,NA,NA,0.00193315587559862,0.00119590220033139,NA,NA,NA,NA,NA,NA,NA,NA,NA,NA
"15",2021-03-29,NA,NA,0.00224069484289664,NA,NA,NA,NA,NA,NA,NA,NA,NA,NA,NA,NA,NA,NA,NA,NA,NA,0.00333814210471729,0.00145342068899734,NA,NA,NA,NA,NA,NA,NA,0.00162131417765133,0.00513575289103099,NA,NA,NA,NA,NA,NA,NA,0.00214997575710704,NA,NA
"16",2021-04-05,NA,NA,0.000734184277951341,NA,NA,NA,NA,NA,NA,NA,NA,NA,NA,NA,NA,NA,NA,NA,NA,NA,0.00605506023730673,0.00032116219885729,NA,NA,NA,NA,NA,NA,NA,4.90744988815815e-05,0.000977330258271361,NA,NA,NA,NA,NA,NA,NA,0.000305553137029908,NA,NA
"17",2021-04-12,NA,NA,0.0016649014603829,NA,NA,NA,NA,NA,NA,NA,NA,NA,NA,NA,NA,NA,NA,NA,NA,NA,0.004282142489725,0.00362360747132436,NA,NA,NA,NA,NA,NA,NA,0.000708133838691692,0.00370140741729057,NA,NA,NA,NA,NA,NA,NA,0.00581251409993944,NA,NA
"18",2021-04-19,NA,NA,0.00337594917618864,NA,NA,NA,NA,NA,NA,NA,NA,NA,NA,NA,NA,NA,NA,NA,NA,NA,0.00214844841057992,0.00210472819775681,NA,NA,NA,NA,NA,NA,NA,0.00263006829850577,0.00332645722181291,NA,NA,NA,NA,NA,NA,NA,0.00347836470506364,NA,NA
"19",2021-04-26,NA,NA,0.000749887175678712,NA,NA,NA,NA,NA,NA,NA,NA,NA,NA,NA,NA,NA,NA,NA,NA,NA,0.00112805888575587,0.00376175901480895,NA,NA,NA,NA,NA,NA,NA,0.00359424748557843,0.000265645052293401,NA,NA,NA,NA,NA,NA,NA,0.00310142406849503,NA,NA
"20",2021-05-03,NA,NA,0.00293482175091999,NA,NA,NA,NA,NA,NA,NA,NA,NA,NA,NA,NA,NA,NA,NA,NA,NA,0.00188579117844768,0.0059226254374848,NA,NA,NA,NA,NA,NA,NA,0.00542715104543873,0.00392163964221494,NA,NA,NA,NA,NA,NA,NA,0.000578070025978136,NA,NA
"21",2021-05-10,NA,NA,0.000693157671145729,NA,NA,NA,NA,NA,NA,NA,NA,NA,NA,NA,NA,NA,NA,NA,NA,NA,0.00135944927595192,0.00330155254178671,NA,NA,NA,NA,NA,NA,NA,0.000124428189225593,0.00437014527261749,NA,NA,NA,NA,NA,NA,NA,0.00185197157045152,NA,NA
"22",2021-05-17,NA,NA,0.000359301403836915,NA,NA,NA,NA,NA,NA,NA,NA,NA,NA,NA,NA,NA,NA,NA,NA,NA,0.00355704668987938,0.00145191102246885,NA,NA,NA,NA,NA,NA,NA,0.00201635040813703,0.0074773732989326,NA,NA,NA,NA,NA,NA,NA,0.00633907435288631,NA,NA
"23",2021-05-24,NA,NA,0.00239803761740504,NA,NA,NA,NA,NA,NA,NA,NA,NA,NA,NA,NA,NA,NA,NA,NA,NA,0.00313056926514556,0.00302915344082317,NA,NA,NA,NA,NA,NA,NA,0.000442647539053962,0.00169144548511512,NA,NA,NA,NA,NA,NA,NA,0.00126226997597648,NA,NA
"24",2021-05-31,NA,NA,0.000408976416263925,NA,NA,NA,NA,NA,NA,NA,NA,NA,NA,NA,NA,NA,NA,NA,NA,NA,3.04235308437872e-05,0.00153097669436011,NA,NA,NA,NA,NA,NA,NA,0.00112002304139072,0.00169806296232346,NA,NA,NA,NA,NA,NA,NA,0.00426831479110439,NA,NA
"25",2021-06-07,NA,NA,0.00022720412229478,NA,NA,NA,NA,NA,NA,NA,NA,NA,NA,NA,NA,NA,NA,NA,NA,NA,0.00137645473582244,0,NA,NA,NA,NA,NA,NA,NA,0.00324918436088708,0.00305279674745736,NA,NA,NA,NA,NA,NA,NA,0.00219163400054561,NA,NA
"26",2021-06-14,NA,NA,6.49994026779982e-05,NA,NA,NA,NA,NA,NA,NA,NA,NA,NA,NA,NA,NA,NA,NA,NA,NA,0.00136732817400752,0.00155250859719669,NA,NA,NA,NA,NA,NA,NA,0.00371051537116225,0.00227510110455961,NA,NA,NA,NA,NA,NA,NA,0.00198916947558357,NA,NA
"27",2021-06-21,NA,NA,0.00045991674530944,NA,NA,NA,NA,NA,NA,NA,NA,NA,NA,NA,NA,NA,NA,NA,NA,NA,0.00140790288177784,0.00200246042391945,NA,NA,NA,NA,NA,NA,NA,0.0037595943189217,0.00124422648974962,NA,NA,NA,NA,NA,NA,NA,0,NA,NA
"28",2021-06-28,NA,NA,0.000520523128046277,NA,NA,NA,NA,NA,NA,NA,NA,NA,NA,NA,NA,NA,NA,NA,NA,NA,0.00315515375057089,0.00166593659526316,NA,NA,NA,NA,NA,NA,NA,0.0119170508673419,0.000762726403923098,NA,NA,NA,NA,NA,NA,NA,0.00135221395748606,NA,NA
"29",2021-07-05,NA,NA,0.00108853857682145,NA,NA,NA,NA,NA,NA,NA,NA,NA,NA,NA,NA,NA,NA,NA,NA,NA,0.00583363427840426,0.000571690440638418,NA,NA,NA,NA,NA,NA,NA,0.0154162687096626,0.000937984129272727,NA,NA,NA,NA,NA,NA,NA,0.0036876241386778,NA,NA
"30",2021-07-12,NA,NA,0.00687108140223916,NA,NA,NA,NA,NA,NA,NA,NA,NA,NA,NA,NA,NA,NA,NA,0.000355411529044065,NA,0.00268062017172677,0.00374320708285607,NA,NA,NA,NA,NA,NA,NA,0.00144447774022631,0.00611435734875514,NA,NA,NA,NA,NA,NA,NA,0.000481401982650525,NA,NA
"31",2021-07-19,NA,NA,4.0179974450924e-05,NA,NA,NA,NA,NA,NA,NA,NA,NA,NA,NA,NA,NA,NA,NA,0.00104055703426397,NA,0.0066695727646482,0.00411407275172772,NA,NA,NA,NA,NA,NA,NA,0.00447971218683788,0.00248491836707005,NA,NA,NA,NA,NA,NA,NA,0.00281387745389256,NA,NA
"32",2021-07-26,NA,NA,0.00599395262131159,NA,NA,NA,NA,NA,NA,NA,NA,NA,NA,NA,NA,NA,NA,NA,0.00210847587732483,NA,0.0012238523264263,0.00763231026541044,NA,NA,NA,NA,NA,NA,NA,0.0133254705073617,0.00924257033238953,NA,NA,NA,NA,NA,NA,NA,0.00761763165897745,NA,NA
"33",2021-08-02,NA,NA,0.00422084996347621,NA,NA,NA,NA,NA,NA,NA,NA,NA,NA,NA,NA,NA,NA,NA,0.00515312333025024,NA,0.000847134732347349,0.0081022742589322,NA,NA,NA,NA,NA,NA,NA,0.00371731796582597,0.0135781628698736,NA,NA,NA,NA,NA,NA,NA,0.00794964220610071,NA,NA
"34",2021-08-09,NA,NA,0.00255020731424771,NA,NA,NA,NA,NA,NA,NA,NA,NA,NA,NA,NA,NA,NA,NA,0.00550575732117407,NA,0.00300092154648385,0.0058799510517083,NA,NA,NA,NA,NA,NA,NA,0.00889361771861649,0.00966274770165017,NA,NA,NA,NA,NA,NA,NA,0.00449947982342323,NA,NA
"35",2021-08-16,NA,NA,0.00293695790423777,NA,NA,NA,NA,NA,NA,NA,NA,NA,NA,NA,NA,NA,NA,NA,0.00308442297880848,NA,0.00808399676950577,0.00355552065956742,NA,NA,NA,NA,NA,NA,NA,0.0134473554470334,0.00367901245252347,NA,NA,NA,NA,NA,NA,NA,NA,NA,NA
"36",2021-08-23,NA,NA,0.00645071645392414,NA,NA,NA,NA,NA,NA,NA,NA,NA,NA,NA,NA,NA,NA,NA,0.00693075882223484,NA,0.0053881636946998,NA,NA,NA,NA,NA,NA,NA,NA,0.000570797908764381,0.0153952324887077,NA,NA,NA,NA,NA,NA,NA,NA,NA,NA
"37",2021-08-30,NA,NA,0.0044567245749107,NA,NA,NA,NA,NA,NA,NA,NA,NA,NA,NA,NA,NA,NA,NA,0.00748123585268724,NA,0.00449618744350397,NA,NA,NA,NA,NA,NA,NA,NA,0.00495289608731544,0.012997546057368,NA,NA,NA,NA,NA,NA,NA,NA,NA,NA
"38",2021-09-06,NA,NA,0.00179139055150671,NA,NA,NA,NA,NA,NA,NA,NA,NA,NA,NA,NA,NA,NA,NA,0.00873619175960949,NA,0.00101729067615111,NA,NA,NA,NA,NA,NA,NA,NA,0.00185652050800322,0.00778486859907287,NA,NA,NA,NA,NA,NA,NA,0.00402831880166274,NA,NA
"39",2021-09-13,NA,NA,0.00492319660460294,NA,NA,NA,NA,NA,NA,NA,NA,NA,NA,NA,NA,NA,NA,NA,0.00427449254618344,NA,0.00168219263171586,0.00433704266400628,NA,NA,NA,NA,NA,NA,NA,0.00164890538951934,0.00398361048989807,NA,NA,NA,NA,NA,NA,NA,0.00916176580168596,NA,NA
"40",2021-09-20,NA,NA,0.00653975856024669,NA,NA,NA,NA,NA,NA,NA,NA,NA,NA,NA,NA,NA,NA,NA,0.00144345351889012,NA,0.00500970889798913,0.00489004019346381,NA,NA,NA,NA,NA,NA,NA,0.0120377535407821,0.0104329210871758,NA,NA,NA,NA,NA,NA,NA,0.000581038739048245,NA,NA
"41",2021-09-27,NA,NA,0.00486104490715673,NA,NA,NA,NA,NA,NA,NA,NA,NA,NA,NA,NA,NA,NA,NA,0.00266107913054293,NA,0.00166306958129066,0.0025770954634862,NA,NA,NA,NA,NA,NA,NA,0,0.00470852574369535,NA,NA,NA,NA,NA,NA,NA,0.0101266536458759,NA,NA
"42",2021-10-04,NA,NA,0.00195097053476205,NA,NA,NA,NA,NA,NA,NA,NA,NA,NA,NA,NA,NA,NA,NA,0.00711154804138207,NA,0.00262637866770582,0.00641609021200487,NA,NA,NA,NA,NA,NA,NA,0.000135836774407525,0.00100489792055711,NA,NA,NA,NA,NA,NA,NA,0.0212036310449608,NA,NA
"43",2021-10-11,NA,NA,0.00280415659811002,NA,NA,NA,NA,NA,NA,NA,NA,NA,NA,NA,NA,NA,NA,NA,0.00129496813119268,NA,0.00239117617155922,0.000782292372332904,NA,NA,NA,NA,NA,NA,NA,0.00248308735774884,0.00819743297820263,NA,NA,NA,NA,NA,NA,NA,0.00569208872065444,NA,NA
"44",2021-10-18,NA,NA,0.000812253882365901,NA,NA,NA,NA,NA,NA,NA,NA,NA,NA,NA,NA,NA,NA,NA,0.00474444652288361,NA,0.000593529735144149,0.0102250673290361,NA,NA,NA,NA,NA,NA,NA,0.00340381799510248,0.00351993262343805,NA,NA,NA,NA,NA,NA,NA,0.0113629565009132,NA,NA
"45",2021-10-25,NA,NA,0.00546856372721945,NA,NA,NA,NA,NA,NA,NA,NA,NA,NA,NA,NA,NA,NA,NA,8.01177370411549e-05,NA,0.00072889819867776,0.00278645311091491,NA,NA,NA,NA,NA,NA,NA,0.000166735649922603,0.000388353321537582,NA,NA,NA,NA,NA,NA,NA,0.00475221499067087,NA,NA
"46",2021-11-01,NA,NA,0.00281927310847473,NA,NA,NA,NA,NA,NA,NA,NA,NA,NA,NA,NA,NA,NA,NA,0.00678250022874839,NA,0.00358494734382173,0.0214123532725756,NA,0.00917914243304681,NA,NA,NA,NA,NA,0.000560449166661502,0.00148084224864725,NA,NA,NA,NA,NA,NA,NA,0.00157298105949134,NA,NA
"47",2021-11-08,NA,NA,0.00755214294938886,NA,NA,NA,NA,NA,NA,NA,NA,NA,NA,NA,NA,NA,NA,NA,0.0161228581590257,NA,0.00668460909285092,NA,NA,0.00041651188536751,NA,NA,NA,NA,NA,0.00284609060523494,0.00473471932050573,NA,NA,NA,NA,NA,NA,NA,0.00263743109651474,NA,NA
"48",2021-11-15,NA,NA,0,NA,NA,NA,NA,NA,NA,NA,NA,NA,NA,NA,NA,NA,NA,NA,0.0105525378941359,NA,5.0635729734877e-05,NA,NA,0.00197534793868083,NA,NA,NA,NA,NA,0.00101011799203854,0.00362246337212679,NA,NA,NA,NA,NA,NA,NA,0.00290891070765208,NA,NA
"49",2021-11-22,NA,NA,0.00320571952275506,NA,NA,NA,NA,NA,NA,NA,NA,NA,NA,NA,NA,NA,NA,NA,0.00855092360766141,NA,0.00913906132369327,NA,NA,0.000270641221679607,NA,NA,NA,NA,NA,0.00204174146563656,0.00379989009697076,NA,NA,NA,NA,NA,NA,NA,0.00767892916894915,NA,NA
"50",2021-11-29,NA,NA,0.00591750042538369,NA,NA,NA,NA,NA,NA,NA,NA,NA,NA,NA,NA,NA,NA,NA,0.00716930798546622,NA,0.00477750278917231,0.00057401989175794,NA,0.000248616980429522,NA,NA,0.00267266040245787,NA,NA,0.00267617571104256,0.00102932324072304,NA,NA,NA,NA,NA,NA,NA,0.00559586310539813,NA,NA
"51",2021-12-06,NA,NA,0.00091924085798295,NA,NA,NA,NA,NA,NA,NA,NA,NA,NA,NA,NA,NA,NA,NA,0.001567005885005,NA,0.00367588838087747,0.00296137664007508,NA,0.00548563183173634,NA,NA,0.000530869685188756,NA,NA,0.00670687717287895,0.00171030439107171,NA,NA,NA,NA,NA,NA,NA,0.0016965501334643,NA,NA
"52",2021-12-13,NA,NA,0.0130658473017081,NA,NA,NA,NA,NA,NA,NA,NA,NA,NA,NA,NA,NA,NA,NA,0.0169237364504981,NA,0.00440995866248595,0.00315416591684607,NA,0.000211523105901529,NA,NA,0.000882832711226356,NA,NA,0.0080712379263545,0.00120286373317204,NA,NA,NA,NA,NA,NA,NA,0.00278885017843124,NA,NA
"53",2021-12-20,NA,NA,0,NA,NA,NA,NA,NA,NA,NA,NA,NA,NA,NA,NA,NA,NA,NA,0.0149789291538061,NA,0,0.00105232259840184,NA,0.00147299119878917,NA,NA,0.0188532034990536,NA,NA,0.00433538974879882,0.00417014567151709,NA,NA,NA,NA,NA,NA,NA,0.00797726181750812,NA,NA
"54",2021-12-27,NA,NA,0.00495272335052716,NA,NA,NA,NA,NA,NA,NA,NA,NA,NA,NA,NA,NA,NA,NA,0.0276403291900325,NA,0.0185792827068937,0.00936077149823487,NA,0.0259822989779803,NA,NA,0.0430663260128534,NA,NA,0.0116041834167247,0.0154246782084779,NA,NA,NA,NA,NA,NA,0.0176485397362541,0.0188549038387871,NA,NA
"55",2022-01-03,NA,NA,NA,NA,NA,NA,NA,NA,NA,NA,NA,NA,NA,NA,NA,NA,NA,NA,0.0154158282522679,NA,0.0126901602079373,0.00527258310527991,NA,NA,NA,NA,0.00441222906663175,NA,NA,0.00846259577408298,0.00993138149797614,NA,NA,NA,NA,NA,NA,0.0340287451503235,0.00982220655488403,NA,NA
"56",2022-01-10,NA,NA,NA,NA,NA,NA,NA,NA,NA,NA,NA,NA,NA,NA,NA,NA,NA,NA,0.00828421221350428,NA,0.00260608950607558,0.014097484048495,NA,NA,NA,NA,0.0391463261771327,NA,NA,0.0202635254338981,0.0128810527139169,NA,NA,NA,NA,NA,NA,0.00194602968086094,0.00960017930047971,NA,NA
"57",2022-01-17,NA,NA,NA,NA,NA,NA,NA,NA,NA,NA,NA,NA,NA,NA,NA,NA,NA,NA,0.0225964920247912,NA,0.0148998909549093,0.0261047816883136,NA,NA,NA,NA,0.0240970374602226,NA,NA,0.00382341567502661,0.0101157113729973,NA,NA,NA,NA,NA,NA,NA,0.0155328952473232,NA,NA
"58",2022-01-24,NA,NA,NA,NA,NA,NA,NA,NA,NA,NA,NA,NA,NA,NA,NA,NA,NA,NA,0.0188505793475568,NA,0.0150909665055738,0.00416095671592588,NA,NA,NA,NA,0.0208913460720755,NA,NA,0.00239635410999589,0.00667202544569451,NA,NA,NA,NA,NA,NA,NA,0.0100102558803847,NA,NA
"59",2022-01-31,NA,NA,0.02731896611462,NA,NA,NA,NA,NA,NA,NA,NA,NA,NA,NA,NA,NA,NA,NA,0.0114678084569288,NA,0.0175371596084479,0.00424475262457573,NA,NA,NA,NA,0.00514264295536435,NA,NA,0.0460703964444386,0.00668455626219608,NA,NA,NA,NA,NA,NA,NA,0.0223973079130093,NA,NA
"60",2022-02-07,NA,NA,0.0112661912997797,NA,NA,NA,NA,NA,NA,NA,NA,NA,NA,NA,NA,NA,NA,NA,0.00113342637789342,NA,0.00959804265972172,0.0202822133044613,NA,NA,NA,NA,0.000288154135940938,NA,NA,0.00612276135327908,0.0117371630428106,NA,NA,NA,NA,NA,NA,0.00241299527017244,0.0425178966701369,NA,NA
"61",2022-02-14,NA,NA,0.00176920843644751,NA,NA,NA,NA,NA,NA,NA,NA,NA,NA,NA,NA,NA,NA,NA,0.0110851473376493,NA,0.00944757459718187,0.0231723333445309,NA,NA,NA,NA,0.00497406418432908,NA,NA,0.00682309566381126,0.0233177415608218,NA,NA,NA,NA,NA,NA,0.0143432129079425,0.0115730544067672,NA,NA
"62",2022-02-21,NA,NA,0.00385928386998226,NA,0.00228827995075546,NA,NA,NA,NA,NA,NA,NA,NA,NA,NA,NA,NA,NA,0,NA,0,0.011185174673162,NA,0.00693174465065714,NA,NA,5.3612830097291e-06,NA,NA,0.00506523022124486,0,NA,NA,NA,NA,NA,NA,0.00361296539962125,0.0102338161784234,NA,NA
"63",2022-02-28,NA,NA,0.00645918950470105,NA,0.00226805741454447,NA,NA,NA,NA,NA,NA,NA,NA,NA,NA,NA,NA,NA,0.00504732217256829,NA,0.00213145691347695,0,NA,0.00200657516528751,NA,NA,0.0009615334677072,NA,NA,1.38777878078145e-17,0.00412821111075717,NA,NA,NA,NA,NA,NA,0.00297988386045325,0.00476076369479307,NA,NA
"64",2022-03-07,NA,NA,0.00424937591055934,NA,0.00103542933646698,NA,NA,NA,NA,NA,NA,NA,NA,NA,NA,NA,NA,NA,0.0015593012429595,NA,0.000465945885411927,0.000217946356027038,NA,0.00427437066789072,NA,NA,0.00260875480751475,NA,NA,0.00153567610304891,0.00293237784956266,NA,NA,NA,NA,NA,NA,0.00245841262422455,0.0079431121921379,NA,NA
"65",2022-03-14,NA,NA,0.00449020552049062,NA,0.00162912031717889,NA,NA,NA,NA,NA,NA,NA,NA,NA,NA,NA,NA,NA,0.000430174928344247,NA,0.000306266859917782,0.0016175223997639,NA,0.00111635100123467,NA,NA,9.6971372467735e-05,NA,NA,0.00191238047515188,0.00169442152674459,NA,NA,NA,NA,NA,NA,0,0.00297418125422716,0.0017281690446212,NA
"66",2022-03-21,NA,NA,0.000932276841382456,NA,0.00151790713094921,NA,NA,NA,NA,NA,NA,NA,NA,NA,NA,NA,NA,NA,0.00245257138298147,NA,0.00141333965425975,0.00110795659661703,NA,0.000863208329380086,NA,NA,0.00106888064608025,NA,NA,0.00307425862992292,4.52493222006453e-05,NA,NA,NA,NA,NA,NA,0.00122229820248636,0.00461741296702663,0.00302053570523925,NA
"67",2022-03-28,NA,NA,0.000353208167871183,NA,0.00106073328718203,NA,NA,NA,NA,NA,0.000683747986611648,NA,NA,NA,NA,NA,NA,NA,0.00090999596387191,NA,0.00250356652205442,0.00158530232453076,NA,0.00108235056295919,NA,NA,0.000359831992430528,NA,NA,0.000915766839159358,6.93889390390723e-18,NA,NA,NA,NA,NA,NA,0.00069666101843785,0.00628682652861457,0.00147091969785243,NA
"68",2022-04-04,NA,NA,0.000141452049336598,NA,0.00167592715775264,NA,NA,NA,NA,NA,0.00173422368145994,NA,NA,NA,NA,NA,NA,NA,0.00204360454145123,NA,0.00217265953971525,8.72237461076964e-05,NA,0.00088033059946236,NA,NA,0.00297290007103744,NA,NA,0,0.0037575704847758,NA,NA,NA,NA,NA,NA,0.00435458017423206,0.00245186392706614,0.0010565820036521,NA
"69",2022-04-11,NA,NA,0.00159190742311567,NA,0.000666963193794914,NA,NA,NA,NA,NA,0.0033976834111358,NA,NA,NA,NA,NA,NA,NA,0.000229093040881756,NA,0.000239374445862993,0.00242489168716707,NA,0.00347248668353727,NA,NA,0.0012057630151603,NA,NA,0,0.00182630153622688,NA,NA,NA,NA,NA,NA,0.00294750276393597,0.00136781193924352,0.00017646584049257,NA
"70",2022-04-18,NA,NA,0.000879803825153163,NA,3.21317929769076e-05,NA,NA,NA,NA,NA,0.00524563631790045,NA,NA,NA,NA,NA,NA,NA,9.68002258466549e-05,NA,0.00186478059837469,0.000456334558162449,NA,0,NA,NA,0.000726303178598654,NA,NA,0.00093051942637243,0.000787987498706406,NA,NA,NA,NA,NA,NA,0.00622299925292145,0.0040133653653025,0.000390823541773444,NA
"71",2022-04-25,NA,NA,0.000203993347943947,NA,0.000373205753084669,NA,NA,NA,NA,NA,0.00123096526922381,NA,NA,NA,NA,NA,NA,NA,0.00388344449169007,NA,0.00157464406482213,0.00201255072653977,NA,NA,NA,NA,0.00272614533736738,NA,NA,0.00162102041845501,0.0026770551325138,NA,NA,NA,NA,NA,NA,0.00834133649251029,0.00341933225204796,0.00456006350646871,NA
"72",2022-05-02,NA,NA,1.99167383571376e-05,NA,0.000247263984270673,NA,NA,NA,NA,NA,0.000414577887101624,NA,NA,NA,NA,NA,NA,NA,0.000146165310920356,NA,9.47251696777479e-05,0.0026494769123657,NA,NA,NA,NA,0,NA,NA,0.000894293360071729,0.000363022343194686,NA,NA,NA,NA,NA,NA,0.00227213620427812,0.00172520081202115,0.00320906095238922,NA
"73",2022-05-09,NA,NA,0.00201138244135297,NA,0.00200516069779807,NA,NA,NA,NA,NA,0.00440196565371449,NA,NA,NA,NA,NA,NA,NA,0.00669057036673151,NA,0.00123066830029898,0.00013229950543386,NA,NA,NA,NA,0.000626499488862307,NA,NA,0.000537296736673456,0.00178822376462527,NA,NA,NA,NA,NA,NA,0.0103987779445949,0.000868838986211627,0.0029958056949021,NA
"74",2022-05-16,NA,NA,0.000882779136689726,NA,0.00266817624246914,NA,NA,NA,NA,NA,0.00149572929361816,NA,NA,NA,NA,NA,NA,NA,0.00122292475003869,NA,0,0.00341236293744514,NA,0.00417890582363577,NA,NA,0.00113789340981166,NA,NA,0.000285187833073635,0.00126543736131269,NA,NA,NA,NA,NA,NA,0.00706678066981042,0.00689291046254185,0.00205175386723664,NA
"75",2022-05-23,NA,NA,0.000345904223689738,NA,0.000966164934352573,NA,NA,NA,NA,NA,0.000706010406588034,NA,NA,NA,NA,NA,NA,NA,0.00762466739209022,0.0030400471365389,0.000135252415774376,0.000621035780590942,NA,0.000753013020674563,NA,NA,0.00640063739519216,NA,NA,0.00175166926622967,0.0026964198393309,NA,NA,NA,NA,NA,NA,0.00305843557314061,0.00455236275683927,0.00282247273351758,NA
"76",2022-05-30,NA,NA,0.0038335677230969,NA,0.000964937429958714,NA,NA,NA,0.00238779861951498,NA,0.000448002132869565,NA,NA,NA,NA,NA,NA,NA,0.000883949660675128,0.00318131623192477,0.00358923155383588,0.00107665766011213,NA,0.00248834545318975,NA,NA,0.00059505344844625,NA,NA,0.000987457067412024,0.000754547037819277,NA,NA,NA,NA,NA,NA,0.0083823573264129,0.00213547169972272,9.65152449964035e-05,NA
"77",2022-06-06,NA,NA,0.00155663500155596,NA,0.000227969130259825,NA,NA,NA,0.000941074381026412,NA,0.00391641515068612,NA,NA,NA,NA,NA,NA,NA,0.00282262280249625,0.00598728298876931,0.00182641267394169,0.00520978367193491,NA,0.0067967276032737,NA,NA,0.00240569487897823,NA,NA,0.00232759844212499,0.000786460641573124,NA,NA,NA,NA,NA,NA,0.00382785169506851,0,0.000264384692765213,NA
"78",2022-06-13,NA,NA,0.0013875236994807,NA,0.00145734988382309,NA,NA,NA,0.000435600712907255,NA,0.000435155869626523,NA,NA,NA,NA,NA,NA,NA,0.00128729343939947,0.00208418194809242,0.00130205972854561,0.0008976245275144,NA,0,NA,NA,0.00216021978836864,NA,NA,0.00245759631339896,0.000268338450068295,NA,NA,NA,NA,NA,NA,0.00852657171201236,0.00308772851037598,0.00230213540488397,NA
"79",2022-06-20,NA,NA,0.00119572475385164,NA,0.00360870395652487,NA,NA,NA,0.00469347136307791,NA,0.000757394055894284,NA,NA,NA,NA,NA,NA,NA,0.00157604523403109,0.000965882254510338,0.00234564622059748,0.000434873353942964,NA,7.09106628800082e-05,NA,NA,0.000552800479107322,NA,NA,0.0017200189138903,0.0089932297543787,NA,NA,NA,NA,NA,NA,0.000694205439149206,0.0019672842990149,0.00167591673299335,NA
"80",2022-06-27,NA,NA,NA,NA,0.00254055888400093,NA,NA,NA,0,NA,6.17617316871488e-05,NA,NA,NA,NA,NA,NA,NA,0.00232830346182925,0.00124733455021483,0.00612996920209604,0.00363532215960669,NA,0.00426139519728522,NA,NA,0.00346788867609216,NA,NA,0.000601714275913268,0.00197810509839237,NA,NA,NA,NA,NA,NA,0.00443970240037907,0.00509736178722159,0.00250941562072692,NA
"81",2022-07-04,NA,NA,NA,NA,0.00101632294065328,NA,NA,NA,0.00344755244144257,NA,0.00415936774534752,NA,NA,NA,NA,NA,NA,NA,0.00324965335820853,0.000572945081167953,0.00621066624046672,0.0035848959793438,NA,0.00318260649239248,NA,NA,0.00101571319195252,NA,NA,0.00256397704994004,0,NA,NA,NA,NA,NA,NA,0.00596333390261898,0.00625751729220734,0.00361094477941516,NA
"82",2022-07-11,NA,NA,NA,NA,0.00166344218639368,NA,NA,NA,0.00380270252766018,NA,0.000400433888947192,NA,NA,NA,NA,NA,NA,NA,0.00111040641377041,0.00159327651045323,0.000993521939095847,0.0039353767817097,NA,0.0118307913290624,NA,NA,0.00168281915082062,NA,NA,0.00184120601896827,0.0051978236774046,NA,NA,NA,NA,NA,NA,0.00373159444954491,0.00673787600977541,0.000573137132550951,NA
"83",2022-07-18,NA,NA,0.00107800843024347,NA,0.00245430680440677,NA,NA,NA,0.00235820169210267,NA,0.000660313253067903,NA,NA,NA,NA,NA,NA,NA,0.000996746352527243,0,0.00325042252546975,0.0064953837069408,NA,0.00726249876819569,NA,NA,0.00199598288629531,NA,NA,0.000577175086368106,0.0106365702335386,NA,NA,NA,NA,NA,NA,0.000733433059445801,0.0038617362387688,0.000922162624276454,NA
"84",2022-07-25,NA,NA,0.00464204992724076,NA,0.00187541998054047,NA,NA,NA,0.00195273406894689,NA,6.25291425238317e-05,NA,NA,NA,NA,NA,NA,NA,0.000413138388388502,0.00268901337277395,0.00641245985593039,0.0089077741560613,NA,0.000391985133705017,NA,NA,0.00200097738602173,NA,NA,0.00101093574281735,0.000990974827091679,NA,NA,NA,NA,NA,NA,0.00446168708923733,0,0.000298591799227921,NA
"85",2022-08-01,NA,NA,0.00219519300661647,NA,0.00246476820216562,NA,NA,NA,0.00784428569296738,NA,0.00106904099542258,NA,NA,NA,NA,NA,NA,NA,0.00401564169335797,0.00429970135599973,0.00214657527884153,0.000246205215256375,NA,0.00641266695560978,NA,NA,0.00364123991421166,NA,NA,0.000661965685143852,0.00551861547177088,NA,0.000719859198924665,NA,NA,NA,NA,0.00100307032909014,0.00101103305591421,0.0036847582049495,NA
"86",2022-08-08,NA,NA,NA,NA,0.00235767971233831,NA,NA,NA,0.00157751969598656,NA,0.00059230500802468,0.00111145332513289,NA,NA,NA,NA,NA,NA,0.00183088031505561,0.00245587605286698,0.000101574292823529,0.0014149097384984,NA,0.00666426038396759,NA,NA,0.00156066236575068,NA,NA,0.00233758698981949,0.0101319517166404,NA,0,NA,NA,NA,NA,0.00525197562534074,0.000716495387445393,0.000149133537802354,NA
"87",2022-08-15,NA,NA,NA,NA,0.00194519138010182,NA,NA,NA,0.00035280612639238,NA,0.00147237499308648,0.00129867827040654,NA,NA,NA,NA,NA,NA,0.000693040581853377,0.000362644276246493,0.000162996130539758,0.00137532651062724,NA,0,NA,NA,0.000283160593036541,NA,NA,0.00154714690763182,0.00233452946821217,NA,0.00158593620518627,NA,NA,NA,NA,0.000236560926030881,0.00549400986007906,0.00493263355340828,NA
"88",2022-08-22,NA,NA,NA,NA,0.000587146836191405,NA,NA,NA,0.00256866664236018,NA,0.000527174105105145,0.00171682863038945,NA,NA,NA,NA,NA,NA,5.62126873019028e-05,0.00689523408694988,0.000296775265871574,0.000495435587162744,NA,0.00408192914957779,NA,NA,0.000431997212733883,NA,NA,0.000714458697771182,0.00260215410545193,NA,0.00137057129278905,NA,NA,NA,NA,0.00454563298567517,0.00162913185708329,0,NA
"89",2022-08-29,NA,NA,0.00139522584387871,NA,0.00149476858209473,NA,NA,NA,0.00328707443720143,NA,0.00196157657919763,0.00252476955781751,NA,NA,NA,NA,NA,NA,0.000716795687565441,0.00278858819816487,0.00186596413486104,0.00254808457238024,NA,0.000484125161138577,NA,NA,0.00413376826699526,NA,NA,0.0019757628710235,0.00186213903524169,NA,0.000601189550256669,NA,NA,NA,NA,0.00588100003995877,0.00469249130058186,0.00265101805930178,NA
"90",2022-09-05,NA,NA,NA,NA,0.000668273083678325,NA,NA,NA,0.00669786978662233,NA,0.00347905333701597,0.00496519685033164,NA,NA,NA,NA,NA,NA,0.00102093531157491,0.00092067755880005,0.0010669106721501,0.00102960377592803,NA,0.00503388276323385,NA,NA,0.0029410150391931,NA,NA,0.000953076531326223,0.00277330639308684,NA,0.00371854832118274,NA,NA,NA,NA,0.00489186307804945,0.00501709798730667,0.000517636240178983,NA
"91",2022-09-12,NA,NA,NA,NA,0.00374629844895175,NA,NA,NA,0.00286620755678874,NA,0.00405489811525481,0.00235407281128822,NA,NA,NA,NA,NA,NA,0.0029578616519742,9.38080542840919e-05,0.00121388727904531,0.00126243856674576,NA,0.00127954613577143,NA,NA,0.000513133620241107,NA,NA,0.00419866606237961,0.00637556330058872,NA,0.00362435619464536,NA,NA,NA,NA,0.00492548679521336,0.00308222879304225,0.00246299337841992,NA
"92",2022-09-19,NA,NA,NA,NA,0.0002086764558644,NA,NA,NA,0.00201634141652866,NA,0.00202850597480672,0.000110743704627173,NA,NA,NA,NA,NA,NA,0.000130215043125485,0.00117227028664106,0.000152295798732292,0.00777780160538257,NA,0.00161393439067813,NA,NA,0.00229832467227573,NA,NA,0.00171705266258651,0.0073062352077382,0.00101792410907097,0.0017256880137449,NA,NA,NA,NA,0.00276927187071935,0.00220273592832686,0.00110020356042759,NA
"93",2022-09-26,NA,NA,0.00065298900595593,NA,0.00197277334637874,NA,NA,NA,0.000208273262917759,NA,0.0029096978976585,0.00188006093069703,NA,NA,NA,NA,NA,NA,0.00247484488457825,0.00175802792781689,0.00196543936709823,0.000148640844693383,NA,0.00427824537237544,NA,NA,0.00154063788363215,NA,NA,0.00176936747851202,0.0011682513678391,1.57469280491068e-05,0.00165880345306674,NA,NA,NA,NA,0.00161860822129199,0.0115717418908236,0.00169523581725241,NA
"94",2022-10-03,NA,NA,0.00056303453586691,NA,0,NA,NA,NA,5.40461070431195e-05,NA,0.00273179293130337,0,NA,NA,NA,NA,NA,NA,0.00415649572634168,0.00415671211876245,0.00199718181185438,0.00862802369034988,NA,0.00013633893616076,NA,NA,0.00132526285705154,NA,NA,0.0010078856102457,0.00493927004221991,0.00163304215401278,0.00101776296994878,NA,NA,NA,NA,0.00192419292949118,0.00132883931585896,0.00259155663212222,NA
"95",2022-10-10,NA,NA,0.000217883290705309,NA,5.073196046914e-05,NA,NA,NA,0.00127370884816888,NA,0.00110448854817344,0.00181405880479402,NA,NA,NA,NA,NA,NA,0.00121535816698744,0.00248536161577687,0.00379693041351905,0.00458741734549127,NA,0.000685043112017242,NA,NA,0.00343926641382207,NA,NA,0.00240282811777234,0.00124119066386001,0.00043090456988925,0.0015598470967398,NA,NA,NA,NA,0.00035510132446568,0.00850042975769408,0.00095889034075599,NA
"96",2022-10-17,NA,NA,0.0036320243314375,NA,0.000594999782930001,NA,NA,NA,0.000924202949922973,NA,0.00189526105497592,0.00248168180950058,NA,NA,NA,NA,NA,NA,0.00171521235112366,0.00523757681552674,0.00152805817754676,0.0043501685179335,NA,0.00138797988630143,NA,NA,0.00139646645051293,NA,NA,0.00407673811092101,0.000553881574464885,0,0.000925540505959017,NA,NA,NA,NA,0.00563130420755388,0.00589762039026069,0.00301112329741771,NA
"97",2022-10-24,NA,NA,0.00122926506129278,NA,0.00141060402321461,NA,NA,NA,0.00343227942039182,NA,0.000953625295384043,0.00314554386422432,NA,NA,NA,NA,NA,NA,0.00142951183024423,0.0020770231886707,0.00278782133180912,0.00319862514024073,NA,0.00305007754672362,NA,NA,0.00317539880549914,0.00473324413229516,NA,0.000597503288576856,0.00173573995607901,0.000258091445575391,0.00145056538520651,NA,NA,NA,NA,0.00785081904017641,0.00278538234653805,0.00377596815446769,NA
"98",2022-10-31,NA,NA,0.00285353383965897,NA,0.00195747492754984,NA,NA,NA,0.00179561861047015,NA,0.0019513105351469,0.00114154416280271,NA,NA,NA,NA,NA,NA,0.0010699662105382,0.00137889035119353,0.000369396267959718,0.000255655850426865,NA,0.00725851876444251,NA,NA,0.00176705778882455,0.000450635445309433,NA,0.00619050879016984,0.000483483481798282,0.000781828796743267,0.000136636250708571,NA,NA,NA,NA,0.00248422381320137,0.00283816766273919,0.00140485413710819,NA
"99",2022-11-07,NA,NA,0.00578084406396537,NA,0.000857093694187086,NA,NA,NA,0.00187659725457847,NA,0,0.000700998919144016,NA,NA,NA,NA,NA,NA,0.00587161360709779,0.000281999317444909,0.00226626324026957,0.000500900640819025,NA,0.0038027339398188,NA,NA,0.00140606267439569,0.000517804044779455,NA,0.00308186522620894,0.00272974826742579,0.000658778866414182,0.000670694972453201,NA,NA,NA,NA,0.000409743605025895,0.00316780055952948,0.00408093288217016,NA
"100",2022-11-14,NA,NA,0.00147404883981091,NA,0.00236986449493561,NA,NA,NA,0.00588286135123506,NA,0.000244326432344587,8.51670057799847e-05,NA,NA,NA,NA,NA,NA,0.000478456654450676,0.0028775524192655,0.000939413125265194,0.00187755851993666,NA,0.00406294830933025,NA,NA,0.00024545369504915,0.00361087152560911,NA,0.000259445974364642,0.00048006027285348,0.00524049728527651,0.00292270865504889,NA,NA,NA,NA,0.00111519851532874,0.00153405272313057,0.00385677956119511,NA
"101",2022-11-21,NA,NA,0.00579707159482629,NA,0.00770932804704945,NA,NA,NA,0,NA,0.00194692059936281,0.00493832179942665,NA,NA,NA,NA,NA,NA,0,0.000394945742049971,0.0072191719714452,0.00358337683537592,NA,0.00276051536307483,NA,NA,0.00532161560106879,0.00435935558569039,NA,0.00393350027543045,0.0125884640969268,0.00275347457365628,0.00538505146767304,NA,NA,NA,NA,0.0106515390406806,0.00101401953600674,0.00326855838999789,NA
"102",2022-11-28,NA,NA,0.00194738251705,NA,0.000324194326546179,NA,NA,NA,0.0086477703023318,NA,0.00886956709450081,0.00508008622005337,NA,NA,NA,0.000562606159444003,NA,NA,0.00613917810282977,0.00295889960112829,0.0020438205140397,0.00472105529056916,NA,0.00816014599669477,NA,NA,0.00353857348205217,0.00670403874762807,NA,0.00105372323757878,0,0.00418229500673877,0.00544997154882633,NA,NA,NA,NA,0.00140275835520814,0.00575065711487036,0.00851338806843827,NA
"103",2022-12-05,NA,NA,0.00340138932520023,NA,0.00502785057433063,NA,NA,NA,0.00181307095662534,NA,0.00315204680549055,0.000303776678991445,NA,NA,NA,0.000983471750781034,NA,NA,0.000692625279375511,0.00293382060567668,0.00377020328303819,0.00227538191824574,NA,0.00314234209410674,NA,NA,0.00439093809188615,0.00438808119882392,NA,0.000614023447050756,0.0125618828052215,0.000904781459280357,0,NA,NA,NA,NA,0.00339976043529677,0.00147282174201267,0.00012792130359416,NA
"104",2022-12-12,NA,NA,0.00386948240162403,NA,0.00213427960660055,NA,NA,NA,0.000419980456891046,NA,0.000772207160650483,0.000771682332218707,NA,NA,NA,0.00324755203712587,NA,NA,0.0035823597682371,0.00449110590954063,0.000619570955510226,0.00302506860619559,NA,0.0095338421678688,NA,NA,0.00140450554148754,0.00668719387367012,NA,0.00106013353860224,0.00138804954113109,0.000235979429690086,0.00190715024557456,NA,NA,NA,NA,0.00423031543834516,0.0017526752767182,0.00169539365655229,NA
"105",2022-12-19,NA,NA,NA,NA,0.00152506551258698,NA,NA,NA,0.00291925854549029,NA,0.00334818921457794,0.00283845188515788,NA,NA,NA,0,NA,NA,0.00178406536410185,0.00146553406637941,0.00362705313578815,0.0018339598223008,NA,0.00184152442590092,NA,NA,0.000369740660031481,0.00279375473912172,NA,0.000316972050042004,0.00360348678982983,0.00178840101362565,0.0083927396476263,NA,NA,NA,NA,0.00751880227189963,0.00705766965510232,0.0032286603335348,NA
"106",2022-12-26,NA,NA,NA,NA,0.00226338630388785,NA,NA,NA,0.0103906268629909,NA,0.0043125360103056,0.004520476102678,NA,NA,NA,0.00558218740206979,NA,NA,5.22823853377624e-05,0.00283791857216674,0.00575633199882836,0.000295140002869371,NA,0.000264558662864886,NA,NA,0.00322729226445129,0.0140503122092352,NA,0.000773883801554152,0.00579195828210698,0.00584265242329037,0.0141052406001112,NA,NA,NA,NA,0.00182755794868918,0.0134140465059165,0.000447999630491205,NA
"107",2023-01-02,NA,NA,NA,NA,0.00478885879017049,NA,NA,NA,0.00418253361552086,NA,0.0040703176353206,0.00619023909452599,NA,NA,NA,0.00762496669254455,NA,NA,0.00401657914643473,0.00157787649628813,0.0083043249921205,0.007093006510322,NA,0.00176019447785531,NA,NA,0.000939305396319284,0,NA,0.00428459102487723,0.00428749302988338,0.00198089819345611,0.000727025157472277,NA,NA,NA,NA,0.00513957996884249,0.00646417983055868,0.00118742159817051,NA
"108",2023-01-09,NA,NA,NA,NA,0.00712348223476272,NA,NA,NA,0.0177913181596191,NA,0.00784113040066731,0.00776361225878925,NA,NA,NA,0.00311935253850368,NA,NA,0.00809133198126882,0.0121952913002246,0.00489220676269114,0.000307050565196559,NA,0.00803837211514472,NA,NA,0.018555903332392,0.025419929728678,NA,0.0155837798796015,0.0114589728651657,0.0089979219854197,0.0100118636166017,NA,NA,NA,NA,0.00471017546913761,0.0118858830629794,0.00616623723556841,NA
"109",2023-01-16,NA,NA,NA,NA,0.00130773520560729,NA,NA,NA,0.0102228142812217,NA,0.0022597466793584,0.00185043691278794,NA,NA,NA,0.000298526274548086,NA,NA,0.00138602825806498,0.00564831976073491,0.00180686458922504,0.0026132840037979,NA,0.00160231314449273,NA,NA,0.00882255516079115,0.00131749527034498,NA,0.00733286189860129,0.00182757248600272,0.00554460200376335,0.00502778040454258,NA,NA,NA,NA,0.00127679701899407,0.00558192564671165,0.00354197004835218,NA
"110",2023-01-23,NA,NA,NA,NA,0.000222684659216765,NA,NA,NA,0.00136739788283091,NA,0.000661138202197938,0.00373591945316959,NA,NA,NA,0.00433253828088729,NA,NA,0.00474830720746307,0.00302695286656512,0.00343333756988275,0.00226192905668214,NA,0.000550771734471558,NA,NA,0.00411729935324885,0.00298465313685525,NA,0.000458417757321354,0.005730823046217,0.000170660358619901,0.00544857801992449,NA,NA,NA,NA,0.00350937364413146,0.00051976778918128,0.00187538679588405,NA
"111",2023-01-30,NA,NA,NA,NA,0.00563782785818336,NA,NA,NA,0.000263150786701555,NA,0.000607916284659844,0.00222533311485486,NA,NA,NA,0.00187217027840423,NA,NA,0.000626517671737298,0.000813194556331748,0.00264903223534676,0.00261600597303152,NA,0.00547656483861679,NA,NA,0.000756998475476459,0.00287890698923994,NA,0.000337564254631544,0.00229528463077038,0.000366338468832175,0.00054240784250173,NA,NA,NA,NA,0.000898442046049247,0.00477484309187897,0.000945954817958873,NA
"112",2023-02-06,NA,NA,0.00203384166348489,NA,0.000203217346157761,NA,NA,NA,0.00146734751932988,NA,0.0016725033799019,0.00264789394503132,NA,NA,NA,0,NA,NA,0.0027454645273068,0.000372744162234144,0.0018084377400233,0.00270666269943514,NA,0.00266667303431512,NA,NA,0.00178704361124166,0,NA,0.00345346849926052,0.00431320272127749,0.00198489414418566,0.00191921498281537,NA,NA,NA,NA,0.00688499789465855,0.00205878084863501,0.000392257478571557,NA
"113",2023-02-13,NA,NA,0.00115131571765296,NA,0.00177310604886786,NA,NA,NA,0.000285579104719942,NA,0.00404548452635117,0.00183787471148227,NA,NA,NA,0.00109616199082859,NA,NA,0.00128879685889086,0.00351742592536278,0.00379788627951253,7.56809610089615e-05,NA,NA,NA,NA,0.00161747170832707,0.000826254132265683,NA,0.000218867019620934,0.0042279027744383,0.00108963104389045,0.00588184241626942,NA,NA,NA,NA,7.74892500148214e-05,0.00491034395999725,0.000785520038699833,NA
"114",2023-02-20,NA,NA,0.00400639352349164,NA,0.00156373743298144,NA,NA,NA,0.00158836731746168,NA,0.00261743753496297,0.000842074214000475,NA,NA,NA,0.00232203759458251,NA,NA,0.000367457008364207,0.00233189353104823,0.00271926901314919,0.00833680398171011,NA,NA,NA,NA,0.00252540362642652,0.000910474120005431,NA,0.000415290491769339,0.00577838747699422,0.000474820265822316,0.00129021148873873,NA,NA,NA,NA,0.00646501073499078,3.50362716017988e-06,0.00106922663889771,NA
"115",2023-02-27,NA,NA,NA,NA,0.00259891217036334,NA,NA,NA,0.00380130007912838,NA,0.000268111630555255,0.00030207115258115,NA,NA,NA,0,NA,NA,0.00021465394779463,0,0.0012592824380397,0.00528743086186615,NA,NA,NA,NA,0.00241195818091045,0.00650676485813304,NA,0.000446090475039525,0.00607973835171906,0.0050938501155847,0.00362591314400005,NA,NA,NA,NA,0,0.00132067336753607,0.000456841694369388,NA
"116",2023-03-06,NA,NA,NA,NA,0.000935299693678476,NA,NA,0,0.00362815008768978,NA,0.001321177373263,0.00125902918457513,NA,NA,NA,0.00386814084207176,NA,NA,0.00388709335359555,0.00547400542376958,0.00489879483148217,0.00683728389761719,NA,NA,NA,NA,0.00165453193222379,0.00111713413910287,NA,0.00228753153320134,0.000997687862556162,0.00270943198162701,0.00124607754333882,NA,NA,NA,NA,0,0.00330665823313542,0.00167014392193224,NA
"117",2023-03-13,NA,NA,NA,NA,0.0018098835746008,NA,NA,0.00218979046640535,0.00218275082120427,NA,0.00120656324736008,0.00220550037953803,NA,NA,NA,0.00139944336905444,NA,NA,0.00301304913885892,0.00622131621153477,0.00709260946570401,0.00518925690822766,NA,0.00110643263317386,NA,0.000231278555578682,0.000153371014282228,8.93808833700716e-05,NA,0.00237570682148328,0.00190910258526348,0.00223301594422129,0.00151239830924049,NA,NA,NA,NA,0.000608170982006564,0.00312619518997285,0.000534399140842273,NA
"118",2023-03-20,NA,NA,NA,NA,0.00394754868595738,NA,NA,0.000207929128030561,0.00135497810329398,NA,0.00149818843702536,0.00183478885405105,NA,NA,NA,0.000184895728566203,NA,NA,0.000587621173112,0.000915404997471787,0.00041235025731734,0.0017896705286875,NA,0.000221663787581976,NA,0.000330057680080504,0.00141823875367673,0.0013794374385734,NA,0.000449819467299356,0.00487464582498823,0.000223276489934872,0.00371065385237518,NA,NA,NA,NA,0.00273738851370191,0.00187582150061321,0.000174409335039274,NA
"119",2023-03-27,NA,NA,NA,NA,0.00198352500518181,NA,NA,0.00038355215882194,0.000306692598667148,NA,0,0.000540005978117687,NA,0.000629827082244228,NA,0.00179273565637497,NA,NA,0.000241976369838734,0.00120415740205397,0.00159460632466341,0.00103922858991781,NA,0.000728962815882622,NA,0.00137778334961711,0.000217854078348158,0.000292102125247218,NA,0.00159696791102133,0.00220194981074382,0.00146636228317553,0.00241716015265211,NA,NA,NA,NA,0.00406837213723458,0.00120096793093936,0.00342332452852936,NA
"120",2023-04-03,NA,NA,NA,NA,0.00123813496957507,NA,NA,0.00064028782910687,0.00352959183967972,NA,0.00356155619151625,0.000835132208148712,NA,0.00300441727593885,NA,0.00373430171389955,NA,NA,0.00354831753994383,0.000864252875843505,0.00217583438634224,0.00111859734394507,NA,0.000123457985258223,NA,0.000824902071735675,0.00112965568007978,0.00175639331146556,NA,0.00323125620923998,0.000495467949859225,0.00130126387656098,0.000703928297489269,NA,NA,NA,NA,0.000453769348284082,0.00266501054178919,0.000358403271147924,NA
"121",2023-04-10,NA,NA,NA,NA,0.000152979769882478,NA,NA,0.00113204503843528,0.000523005538433267,NA,0.000921066594466058,0.00182953504288457,NA,0,NA,0.00288032961185628,NA,NA,0.00324271515589457,0.00179730732241652,0.00472720553424169,0.00334786263256839,NA,0.00256198142733552,NA,0.000925645015935775,0.00220994543443121,0.000408891521331625,NA,0.00244176549710197,0.000939024960491849,0.00157585466306879,0.00152977796229065,NA,NA,NA,NA,0.000868427016122435,0,0.00352164095373658,NA
"122",2023-04-17,NA,NA,NA,NA,0.00151890174157795,NA,NA,0.000166882072172889,0.00126366992300866,NA,0.00132386652800107,0.000351535794371643,NA,0,NA,0.00339431346211268,NA,NA,0.000896990407491315,0.00255062072548137,7.07102913663563e-05,0.00289192985864364,NA,0.0018808441237198,NA,0.00060890456924346,0.00125242700627922,0.00124533673292902,NA,0.000295106709676651,0.0011418417439904,0.000633674600314639,0.00422044315086707,NA,NA,NA,NA,0.00052676510640249,0.00171094995178522,0.000941291435980041,NA
"123",2023-04-24,NA,NA,NA,NA,0.000813402899184412,NA,NA,0.00061744686471352,0.00138379684011825,NA,0.00284028572708698,0.000184652546968639,NA,0.000323483182192512,NA,0.00276333973477759,NA,NA,0.00189471496670001,0.00103847803023386,0.000650361281041713,0.000845089493985211,NA,9.05725974844791e-05,NA,0.00163750886360798,0,0.00255413065624803,NA,0.00291653910207123,0.00172332800862495,0.00113159744943902,0.0025759825701501,NA,NA,NA,NA,0.00225751044812757,0.00196485082509678,0.00218675408177681,NA
"124",2023-05-01,NA,NA,NA,NA,0.000642322219926668,NA,NA,0,1.56005689566294e-05,NA,0.000827306937267753,0.00126101525151871,NA,0,NA,0,NA,NA,0.000413138867338597,0.00146286504770164,0.000551541100906088,0.000678655735236938,NA,0.000506083219363108,NA,0.000888778532455444,0.00179771221686352,9.95417432197512e-05,NA,0.000349739926350416,0.00680313227118054,9.3569606475663e-05,0.000356056409743347,NA,NA,NA,NA,0.00402712875610978,0.0036124582457858,0.000780464261654398,NA
"125",2023-05-08,NA,NA,0.000690381596251323,NA,0.00144912031930446,NA,NA,0,0.000624486075803246,NA,0.000472211844438471,0.0021657673496307,NA,0.000197411108101512,NA,0.000138962323060347,NA,NA,2.23266893907871e-05,0.000259990588852343,0.000346457461920951,0.00164182935616905,NA,0.00177747532454037,NA,0.00137801597757448,0.0019911920750768,0.00168337733136788,NA,0.00250770072473848,0.000553749093464818,0.000747986535362177,0,NA,NA,NA,NA,0.000662813061424048,0.004727077056424,0.00021118471903897,NA
"126",2023-05-15,NA,NA,0.00137126131231302,NA,0,NA,NA,0.000361517032791827,0.0011140685067649,NA,0.00208425870028399,0.000372046548297941,NA,0.00172061588992359,NA,0.000713658380805083,NA,NA,0.00132351194879978,0.00359489845969832,0.00315418479088743,0.00220991800807966,NA,0.00150421632411275,NA,0.00220541299987348,0.000625031566315781,0.00139675830605791,NA,0.00267934765139649,0.00412981743613055,8.66248642266663e-05,0.00201931294050281,NA,NA,NA,NA,0.00211448606470261,0.0022082361786963,0.000441204703841406,NA
"127",2023-05-22,NA,NA,0.00268634921926457,NA,0.0024269431133599,NA,NA,0,0.00102515599573114,NA,0.000146429912859285,1.7395868236094e-05,NA,0.00036888138488436,NA,0.000455336282526825,NA,NA,0.000829744516679323,0.00122545128443692,0.00146106930445433,0.00248295289577056,NA,0.00199638459483475,NA,0.00243406003367823,0,0.0001319014500216,NA,0.00102122246862519,0.000558364795012017,0.00153619426171756,0.003090080150543,NA,NA,NA,0.00110078244882693,0.000538783943571694,0.00562645826951945,0.00029808302837527,NA
"128",2023-05-29,NA,NA,0,NA,0.00166960029056997,NA,NA,0.00146280025294416,0.000633660774808541,NA,0.000215841979722331,0,NA,0.00110430244602649,NA,0.00285955450878066,NA,NA,0.000539111340310625,0.00122153285238513,0.000801068547325708,0.000812214344542542,NA,0.000647595048851202,NA,0.000766943419627733,0.000897185122954874,0.00044270972882151,NA,0.00056480599832461,0.000926241177367722,0.000299380105618443,0.00380454642798394,NA,NA,NA,0.000294839424039498,0.00381239935751566,0.000587310746063033,5.03017459564312e-06,NA
"129",2023-06-05,NA,NA,NA,NA,0.000454091242921822,NA,NA,0.000708867634220317,0.00278284658392002,NA,0.000713088805046341,0.00169414001495066,NA,0.00155296887057486,NA,0.000236837256841366,NA,NA,0.00225255494073097,0.00236391928420178,0.00187779740433744,0,NA,0.000450601228841148,NA,0.000129843844940721,0,0.00242072686539665,NA,0.00101018577741735,0.00156496909670566,0.000680925809306161,0,NA,NA,NA,0.000392893502879663,0.000838477780619355,0.0035602670780627,0.00130224359944372,NA
"130",2023-06-12,NA,NA,NA,NA,0.00316083291680158,NA,NA,0.00143114247088583,0.0068713465391113,NA,0.000845964931982874,0.00326590804728585,NA,0.000274409892429171,NA,0.001035465739078,NA,NA,0.000345318987743138,0.00465278088218487,0.00788124032637755,0.000526847601115208,NA,0.00133097261073677,NA,0.00238966766447489,0.00200133185763206,0.00239798795311717,NA,0.00661023708164951,0.000490982716513197,0,0.00454015254828302,NA,NA,NA,0.000328331803110444,0.000477665905135524,3.26789663128314e-05,0.0012236871747428,NA
"131",2023-06-19,NA,NA,NA,NA,0.00559281372212267,NA,NA,0.00119927896759684,0.00611626734749765,NA,0.000564129361974043,6.65364439777359e-05,NA,0.000906617099868604,NA,0.00150628719026875,NA,NA,0.00130372232288309,0.00164805680019701,0.00682477644665222,0.00113815092134834,NA,0.00194195916294612,NA,0,0.00361649669895638,0.00201587832859303,NA,0.00691025658747431,0.00236367438690907,0.000600251744435855,0.00417187593226216,NA,NA,NA,0.00205408031393618,0.000854525803428555,0.000879041182574606,0.00126808401269748,NA
"132",2023-06-26,NA,NA,NA,NA,0.00400217738864029,0.00100825906211257,NA,0.000269073677096523,1.73472347597681e-18,NA,3.21607491508297e-05,0.000729184937324056,NA,0.000362682922989029,NA,0.00124595261691245,NA,NA,0.000595354163175066,0.0051072243930726,0.00139158791458432,0.00148996126812712,0.00244910030201966,0,NA,0.000941607899411912,0.000973855913774191,0.00191333260319416,NA,0.0045554374008129,0.00286925124502958,0.00110114701359437,0.00386777966196644,NA,NA,NA,0.00199134274691153,0.00116364582623859,0.00247705297742212,0.00323814572809807,NA
"133",2023-07-03,NA,NA,NA,NA,0.000521073228815741,0.000615434911738539,NA,0.00109150592998569,0.0024849470072618,NA,0.00109962033957434,0.000712260978474921,NA,0.00104869189465397,NA,0.00940419973289392,NA,NA,0.00172478091208828,0.000738521171729627,0.000137141015952531,0.0010657574455946,0.00171091766583324,0.00137170537687594,NA,0.00070056774783278,0.00332731039566235,0.00035534783219511,NA,0.00674135906573928,0.00490278638347838,0.000235112132341526,0.00426882713198731,NA,NA,NA,0.000969940040424014,6.93889390390723e-18,0.0021859269287439,3.5192097399538e-05,NA
"134",2023-07-10,NA,NA,NA,NA,0.000950141231527729,4.69130273995436e-05,NA,5.59789498015897e-05,0.000771607683392123,NA,0.00078889042902478,0,NA,0.000826094842290091,NA,NA,NA,NA,0.00304507947816278,0.0031168311896699,0.000186510784697218,0.00202488683006614,0.000686984257337091,0.00177316015314844,NA,0.00109592838671819,0.00152223125095704,0.0013782347294875,NA,0.00385901558789684,0.00570671469664953,0.000413556645894771,0.0019197124625031,NA,NA,NA,0,0.0032422245385267,0.000271361010036877,0.00281425772996574,NA
"135",2023-07-17,NA,NA,6.75488524804965e-06,NA,0.000451083559992897,0.00043799653194355,0.000293803348489927,0.000216662209045974,0.00128995022118422,NA,0,0,NA,0.000505139675769832,NA,NA,NA,NA,9.55859520127382e-05,0.00130456578613171,0.00146180696763754,0.00682815028541179,0.000598969858449182,0.00424242851549739,NA,0.000960615167432866,0.000306337675456431,0,NA,0.00293139771088497,0.000750936832415582,4.88509781939577e-05,0.00406010542683247,NA,NA,NA,0.000300531024403057,0.00227400557420672,0.00227636025780104,0.00073262551053602,NA
"136",2023-07-24,NA,NA,0.00119379846556648,NA,0.00196571349839047,0.00147075596768836,0.00326470543896322,0.00218629765838774,0.000554160090002809,NA,0.00129202409467806,0.00211859176079943,NA,0.00133794486181607,NA,NA,NA,NA,0.00118369653667928,0.000430955653765361,0.00225808611382618,0.00298296886934494,0.00165600553442827,0.00630346849350298,NA,0.00114359301895112,0.00218029217375593,0.00316531016948404,NA,0.00470591435794811,0.003171491936288,0.00088382492501062,0.00119955893059934,NA,NA,NA,0.00151516242422819,0.00132223091937151,0.000490480877245427,0.00233628309448537,NA
"137",2023-07-31,NA,NA,0.000599218648201713,NA,0.00119078920045117,0.00660325320621637,0.00224067069664541,0.00113710920689276,0.00391132458454687,NA,0.000806756557541708,0.000444763074448301,NA,0.000314449760771079,NA,NA,NA,NA,0.000415819146303969,0.000204062598403248,0.00378413640578475,0,0.00305963584344005,0.000640171770938136,NA,0,0.000580338951222777,0.00149626454092484,NA,0.00138317472261188,0.00218326562537509,5.22370652775439e-05,0.00397488054928304,NA,NA,NA,0.00195578322679748,0.00230116818713396,0.00187329026288366,0.00203104764757419,NA
"138",2023-08-07,NA,NA,0.00227744774564084,NA,0.000688871453281458,0.000690003401199155,0.00629440285805293,0.000988809743577391,0.000974697036000081,NA,0.00034339301217008,0.00977087455743463,NA,0.00182663498509665,NA,NA,NA,NA,0.000550807988041382,0.00746095791300713,0.00354270068414211,0.000971798637340985,0.00179977333695613,0.00512924813846852,NA,0.000943917471748624,0.00256836807255332,0.000470555366679518,NA,0.00115526557490577,0.00307445400644318,0.00237469311031624,0.00264867743782456,NA,NA,NA,0.000104899459946382,0.000125912681917074,0.0016156863208993,0,NA
"139",2023-08-14,NA,NA,0.00372479815216353,NA,0.00460174825424767,0.00306222291970351,0.00293047031927905,0.000854154019304609,0.00399859568980899,NA,0.000965527603415419,0.0136209812329231,NA,0.00117126125062123,NA,NA,NA,NA,5.39581736382702e-05,0.00265377317552382,0.00336085878448766,0.00449131536139322,0,NA,NA,0.00146625960481349,0.00167006578560534,0.00460601038365545,NA,0.0013681750779557,0.00886129788694213,0.00017412823265885,0.00335919171613247,NA,NA,NA,0.00163764022374262,7.21985164447297e-05,NA,0.0009743387890767,NA
"140",2023-08-21,NA,NA,0.00115122216650729,NA,0.00532384050574288,0.0030532277262058,0.00344831180997981,0.00023348949330896,0.00423110952867754,NA,0.00114917656752574,0.00574147961842417,NA,0.0021655413592737,NA,NA,NA,NA,0.000377281504738612,0.00531316893898757,0.00388573815857743,0.00108052293576966,0.000837153846712227,NA,NA,0.00117600949519372,0.0023482758145166,0.00168886440520743,NA,0.00384191850855929,0.00986994109206175,0.000417826027654975,NA,NA,NA,NA,0.00167658820167823,0.00137339134429313,NA,0.00162316276013576,NA
"141",2023-08-28,NA,NA,0.00337840726223613,NA,0.00299424999912012,0.00118576195388504,0.00667470323249122,0.00126653572031997,0.00122909649525149,NA,0.000428970552647689,0.000707783726426499,NA,0,NA,NA,NA,NA,0.0003260458584377,0.00214348766879639,0.00543290038691609,0.00491841442319362,0.00132961768441048,NA,NA,0.000477893271507084,0.00271145266409847,0,NA,0.00339100336974697,0.00182178310701677,0.0023378818449163,NA,NA,NA,NA,0,0.00268759474724134,NA,0.00272506580105895,NA
"142",2023-09-04,NA,NA,0.00126356208287067,NA,0.000148687817074493,0.00394889719534426,0,0.00359576215740758,0.00612344926986897,NA,0.00254290865538609,0.0012269639821722,NA,0.00437713134900186,NA,NA,NA,NA,0.00525094899197921,0.00823523949658221,0.0033592886739289,0.00758848020777127,0.0017026797281848,NA,NA,0.00193710408476748,0.00526383847524416,0.00143517962021686,NA,0.00273005330689301,0.00521825532598728,0.000749867304770412,NA,NA,NA,NA,0,0.00058236249213283,NA,0.00350270313496552,NA
"143",2023-09-11,NA,NA,0.00125983099054367,NA,0.00240682561807573,0.00230597646973809,0.00302781910194146,0.00294412783324175,0.00536457361101172,NA,0.003137783468996,0.00140549993194732,NA,0.00208494752561444,NA,NA,NA,NA,0.00363380989410975,0.0016925496292094,0.00166625932803406,2.82162210531074e-05,0.001906368276043,NA,NA,0.00080984307380191,0.00464647332825147,0.00293705565858689,NA,0.0034776618399831,0.00151384471694624,0,0.00167282474408297,NA,NA,NA,0.00014252335657557,0.0034291160216001,NA,0.00214531828633959,NA
"144",2023-09-18,NA,NA,0.000606194309736924,NA,0.000663343631118744,0.000377450325323072,0.00485761742226241,0.002563503882974,0.00351016136595995,NA,0.00139207136472475,0.00352165110535438,NA,0.0073135916461424,NA,NA,NA,NA,0.00178074743257207,0.00364701879354075,0,0.0161534787057798,0,NA,NA,0.00261359797462253,0.00234679749866647,0.00681394736268143,NA,0.00392635747592818,0.000790488691887956,0.0021707187504641,0.00235978006622192,NA,NA,NA,0.000572251273133071,0.00474715411726213,NA,0.00249842352312487,NA
"145",2023-09-25,NA,NA,0.00115403013797524,NA,0.00230110218926779,0.00706859063681855,0.00345123489355474,0.00187486762416984,0.00477310944941406,NA,0.000961106488705284,0.00245015065854939,NA,0,NA,NA,NA,NA,0,0.00133886374829708,0.00424813798150226,0.00291900366370735,0.000818069295127555,NA,NA,0.000306846188248763,0.000216331789841789,0.00325596488228033,NA,0.00795701657046564,0.0029147203057394,0.000706337628057989,0.00164717359305143,NA,NA,NA,0.000488391710364886,0.00400211744649102,0.182853664568272,0.00257158669820912,0.00054768359135602
"146",2023-10-02,NA,NA,0.00294293302791658,NA,0.00284091973609441,0.00220353948778425,0,0.00126991144723134,0.00225808382298702,NA,0,0.000217961308525196,NA,0.00316532132997154,NA,NA,NA,NA,0.000450621691066147,0.000212175167356384,0.00134485159964178,0.00733303254662332,0.00186045486148641,NA,NA,0.00104727972417213,0.000146943322136862,0.00169850673515785,NA,0.00545346481710559,0.00516225126075921,0.00109968427455816,0.00124771845791979,NA,NA,NA,0.00428824908270323,0.000801406108706357,NA,0.00222456198696561,0.000779712316854919
"147",2023-10-09,NA,NA,0.000308825095086979,NA,0.00259133573302454,0,0.00336424235423478,0.000582894429427171,0.00457898075095832,NA,0.000461485787233904,0.000732993432889463,NA,0.00155772137965735,NA,NA,NA,NA,0.00175992482937109,0.00501660583576445,0.00137837545575793,0,0.00079188716022726,NA,NA,0.00709067767953549,0.00935157977783851,0.00136186114886422,NA,0.00044000197574446,0.00234166280641752,0.00457356382988518,5.54144438447007e-05,NA,NA,NA,0.000853419153575008,0.000873116230173183,NA,0.00415037693828007,0
"148",2023-10-16,NA,NA,0.00263642873230231,NA,0.00329635153678506,0.00233758411782656,0,0.00139608157547199,0.0053378535543329,NA,0.00291283311824637,0.00220835059603902,NA,0.00415182168434752,NA,NA,NA,NA,0.000219789629726727,0.00860731268567603,0.00367276373767639,0.00238119662896793,0.000785470179786633,0.00613119540323734,NA,0.000696767640288011,0.00568428792353897,0.00114198586704709,NA,0.000854111244601545,0.000600616413886701,0.00153982723884231,0.00184991936322006,NA,NA,NA,0.000178375903126651,0.00567800897567878,NA,0.00683353052520086,0.00202145586741388
"149",2023-10-23,NA,NA,0.00137494686633641,NA,0.00172505977582819,0.00310710228759994,0.00384336910907308,0.000939441022722027,0.00597981091175897,NA,0.00418914178481366,0.000425515987774506,NA,0.00273662187136821,NA,NA,NA,NA,0,0.002701038643059,0.00599609821977541,0.0149838931947057,0.00245607732668499,0.00385381196983119,NA,0.000214134885009123,0.000188561448028556,0.00163192604649653,NA,0.000608534296972482,0,0.000849250494619938,0.0027487131658148,NA,NA,NA,0.000996371029272733,0.000717976780291993,NA,0.00257798830792192,0.00960754334209875
"150",2023-10-30,NA,NA,0.00231756106408686,NA,0.000563586841817294,0.00283312588721625,0.0129121667726711,0.00026381237931325,0.00307387009066204,NA,0.0030122880790824,2.60019224518244e-05,NA,0.000151251364450397,NA,NA,NA,NA,0.00110612663631449,0.00952525440911996,0.00578984885514625,0.00957447443313893,0.00200651764593304,0,NA,0,0.00185305332540795,0.00160657342006786,0,0,0.000386101185077217,0.00176690238804895,0.000523024898844204,NA,NA,NA,0.0046718087099744,0.00266771806302428,NA,0.00125121180150743,0.00451562024557041
"151",2023-11-06,NA,NA,0.00743182999203371,NA,0.00350848531526858,0.00167841867815712,0.000140317481801426,7.4158881345595e-05,0.00213358853153926,NA,0.00465285459395923,0.00270983693418322,NA,0.00194787067288922,NA,NA,NA,NA,0.002558102360502,0.00354761299508582,0.00636951467722803,0.00300449849943311,0.000171673087695806,0.00732924453958812,NA,0.00128317828878719,0.00159391067630655,0.00118775221565542,0.00134116103557201,1.56565022521385e-05,0.00165257817745042,0.00179790372696464,0.00448023383396128,NA,NA,NA,0.00462646623444377,0.00137478803510441,NA,0.00305449954740383,0.00152237302775577
"152",2023-11-13,NA,NA,0,NA,0.000233903326899258,0.00302162654422815,0.002320506711765,0.000219542649315329,0.000168881400550703,NA,0.00154583460100463,0.000357392564085828,NA,0.000527727291767411,NA,NA,NA,NA,0.000224849888341712,0.0131069804327584,0.00125250742071562,0.00582488108876873,0.00613277826186523,0.000665301627088548,NA,0.00335327960313968,0.0023059888404161,0.00368998394195477,0.00109423524035085,0.00108562658388674,0.00315360185102744,0.00427097424647537,0.00880665059567137,NA,NA,NA,0.00209524107413237,0.000781179777466581,NA,0.00251184678756145,0.0124525159481994
"153",2023-11-20,NA,NA,0.00292339841275004,NA,0.000345196158451605,0.00688652115747338,0.00302218437617131,0.000940974785340156,0.00265355448111161,NA,0.000404478192387557,0.000226712327072765,NA,0.00333733661649229,NA,NA,NA,NA,0.00327566176144289,0.00218668130396333,0.00599961452211899,0.00368943987112174,0,0.0030849834622034,NA,0.000400896328704471,0.00169925205237604,0.00142383178496759,0.00475079870993287,0.00257990037874048,0.00594709087442107,7.87316204851757e-05,0.00142216732771541,NA,NA,NA,0.00320799192641359,0.000615599102566984,NA,0.0057102316528729,0.0044212957132638
"154",2023-11-27,NA,NA,0.000976333526789601,NA,0.00210536565804317,0.00942283336865132,0,0,0.000165656986674922,NA,0.0015712910161777,0.0048864376735976,NA,0.00381527267615415,NA,NA,NA,NA,0.00387929018843335,0.0170328065903708,7.93858997285013e-05,0.0091198898416125,0.0140897113882041,0.00558869394782122,NA,0.000740197209536591,0.00574853697270358,0.00178794704409101,0.000946672576187517,0.00170762718253647,0.00125006851918836,0.00212754866038592,0.00242616375615178,NA,NA,NA,2.45304442115166e-05,0.00120141755622268,NA,0.00703305426756819,0.00637035613287863
"155",2023-12-04,NA,NA,0.000724350570889536,NA,0.000828656383839381,0.000158257497765373,0.00329616161549261,0.000414986708170906,0.00430261551998126,NA,0.00172794478772977,0,NA,0.00228274239743666,NA,NA,NA,NA,0.00572564359438205,0.0152411699603125,0.000444502941592387,0.00495696570135374,0.00990156808266481,0.00149692589023694,NA,0.00249103487557319,0.00298161398434536,0.00162150289380131,0,0.00162914925563101,0.00854644219281842,0.00285339919701701,0.0031285433906721,NA,NA,NA,0.00271026365205505,0.00231721681909001,NA,0.0113782071961295,0.00818411968097381
"156",2023-12-11,NA,NA,0.00249867114069441,NA,0.000935602858014292,0.00517283207622257,0.00142479330734418,0.00137289016708268,2.31393758429108e-05,NA,0.00594726939156519,0.00143767413101038,NA,0.0044082489821321,NA,NA,NA,NA,0.00383516057587806,0.00653636495967098,0.00387895985317457,0.000815226806866721,0.00517034718575313,0.000327402356980103,NA,0.000316122785164061,0.00246563018433357,0.00241454942905589,0.000163836012865924,0.00450779176911617,0.00605898205013441,0.00704587316880803,0.000351973450068491,NA,NA,NA,0.00269290294853713,0.000187756584927853,NA,0.00986645876183437,0.00325323485235724
"157",2023-12-18,NA,NA,0.000461648563136872,NA,0.00365570277824993,0,0.00896904494301013,0.00101317196941772,0.00954693146594657,NA,0.0036951740846052,0.00136214705056893,NA,0.0016065885327019,NA,NA,NA,NA,0.00493477388862339,0.000727795462999926,0.00234261998173707,0.00207745319283812,0.00306678319625666,0.00637586208302342,NA,0.00255037854363611,0.00577519556448919,0.00406955715158243,0.000577409087414125,0.00597448894288952,0.00150400152981971,0.0024657428192152,0.00983462966356012,NA,NA,NA,0.00489491802670609,3.17896919210803e-06,NA,0,0.00238696418449375
"158",2023-12-25,NA,NA,0.00754067308148921,NA,0.00133569927017815,0.00244252566817872,0.00163540732805428,0.00227823720566465,0.00217644006608311,NA,0.00755047648290779,0.00676646805869896,NA,0.00259204179049992,NA,NA,NA,NA,0.00149967669696188,0.00348306520298709,0.00250898290847253,0.00562373906629309,0.0105316954618615,0.00148682568442061,NA,0.00394002804268305,0.00454864400952501,0.0136993778779307,0.00749153684952389,0.00228946126263409,0.000245253638270292,0.0132792868980525,0,NA,NA,NA,0.00304967955614101,0.00539893849319299,NA,0.00213419286822175,0.00428682139157822
"159",2024-01-01,NA,NA,0.0114037723297107,NA,0.00298717791715861,0.00365663563222585,0.00647303156972298,0.00380291460715866,0.00964927529225404,NA,0.00705972250759417,0.00672408920777526,NA,0.00410646060754764,NA,NA,0.0074088010850661,NA,0.00631752860353654,0.0132747944893263,0.00276329427346526,0.00631618024951846,0.00613808651688254,0.0035094649158686,NA,0.000601034006182402,0.00237029158592955,0.00658788704086308,0.0045070542245855,0.000695958279541692,0.0114841698585493,0.00408921204767111,0.00415990672516437,NA,NA,NA,0.000633935532431899,0.00327766395617633,NA,0.00102955573255406,0.00249147124344617
"160",2024-01-08,NA,NA,0.00309394126419166,NA,0.00600460903433274,0.00281214822408852,0.00320875260022659,0.00399404366470974,0.0183567874289411,0.00525687854187339,0.00311345478694088,0.0039259434193878,0.011161368070474,0.000327674587539652,NA,NA,0,NA,0.00744482784721089,0.00564709658975066,0.00614091140493429,0.008546581655938,0.00160506419859099,0.00743002238122459,NA,0.00908686936743434,0.0101813107979114,0.0118071391471559,0.00599952251772541,0.00644954404069119,0.0215437923103077,0.00597173868651114,0.00499704199132883,NA,NA,NA,0.00684819468015738,2.88576295808807e-05,NA,0.00633382414792318,0.00279744863531382
"161",2024-01-15,NA,NA,0.000423673120668738,0.00720654069390232,0.00265677048336346,0.0039675642968293,0.00369820843631816,0.00525562636108786,0.00139229317808835,0,0.00526007942976663,0.00134926748742384,0.00754306446444765,0.00595032089001194,NA,NA,0.0037313428839334,0.00642334947634521,0.00528434678543772,0,0.00716115465984372,0.00576099240011692,0.0050359146264367,0.00714533665165447,0,0.0029853291104823,0.00405719632673283,0.00515722506966013,0.00274563529664549,0.00124329689553859,0.0107347782298597,0.00958981071207532,0.00227161916277623,NA,NA,NA,0.00568721169171227,0.00214972113191055,NA,0.0107149751614914,0.000896294452632899
"162",2021-02-15,NA,NA,NA,NA,NA,NA,NA,NA,NA,NA,NA,NA,NA,NA,NA,NA,NA,NA,NA,NA,0.00202583425275138,0.00214402417287576,NA,NA,NA,NA,NA,NA,NA,0.00174815999412475,0.0038372649832099,NA,NA,NA,NA,NA,NA,NA,0,NA,NA
"163",2021-02-22,NA,NA,NA,NA,NA,NA,NA,NA,NA,NA,NA,NA,NA,NA,NA,NA,NA,NA,NA,NA,0.00132094395086182,0.00158445550887872,NA,NA,NA,NA,NA,NA,NA,0.00350550466038697,0.00333812286814788,NA,NA,NA,NA,NA,NA,NA,0.00305803154551799,NA,NA
"164",2021-03-01,NA,NA,NA,NA,NA,NA,NA,NA,NA,NA,NA,NA,NA,NA,NA,NA,NA,NA,NA,NA,0.004634123523337,0.00151222785786926,NA,NA,NA,NA,NA,NA,NA,0.00661983031962889,0.00160930816763595,NA,NA,NA,NA,NA,NA,NA,0.00911567348652284,NA,NA
"165",2021-03-08,NA,NA,NA,NA,NA,NA,NA,NA,NA,NA,NA,NA,NA,NA,NA,NA,NA,NA,NA,NA,0.00172614382609199,0.00150871071372313,NA,NA,NA,NA,NA,NA,NA,0.00181602012649265,0.00314244311285024,NA,NA,NA,NA,NA,NA,NA,NA,NA,NA
"166",2021-03-15,NA,NA,NA,NA,NA,NA,NA,NA,NA,NA,NA,NA,NA,NA,NA,NA,NA,NA,NA,NA,0.0040704216521024,0.00448781214619185,NA,NA,NA,NA,NA,NA,NA,0.00546504997258515,0.00377168375889179,NA,NA,NA,NA,NA,NA,NA,NA,NA,NA
